ID,Quality Performance,Delivery Performance,Cost Competitiveness,Financial Stability,Technical Capability,Compliance & Sustainability,Systems Integration,Flexibility,Experience & Track Record
SUP-001,9.6,2.87,8.46,2.34,5.62,2.22,7.2,8.58,4.83
SUP-002,9.61,8.43,4.04,6.18,7.78,8.44,9.4,2.3,7.71
SUP-003,2.25,9.16,3.04,8.68,3.76,9.73,5.66,3.9,3.54
SUP-004,6.45,4.0,7.11,2.39,3.25,8.83,6.4,3.36,2.34
SUP-005,2.23,3.24,4.45,6.84,8.54,7.98,4.06,2.34,5.11
SUP-006,4.94,6.17,4.36,6.7,2.03,3.1,7.91,9.88,8.27
SUP-007,8.59,8.16,5.11,7.65,6.21,5.06,3.44,8.78,1.62
SUP-008,8.35,8.94,4.81,8.5,4.07,5.68,5.94,2.74,4.0
SUP-009,3.5,5.12,7.07,7.15,5.71,5.18,5.58,3.92,2.55
SUP-010,3.69,6.84,1.58,6.7,3.51,2.67,5.4,4.18,1.87
SUP-011,7.39,8.12,1.4,6.63,3.25,4.85,8.11,5.78,1.12
SUP-012,1.18,4.51,9.06,3.08,5.0,2.3,8.29,4.44,4.21
SUP-013,3.31,8.52,4.93,1.45,8.23,3.28,2.64,3.1,5.89
SUP-014,9.67,3.56,5.11,6.52,9.78,9.58,4.6,4.36,4.86
SUP-015,2.0,8.47,9.0,4.38,7.53,7.68,4.96,8.7,9.81
SUP-016,9.63,4.91,2.65,8.08,9.51,5.65,3.52,9.19,8.8
SUP-017,5.4,8.83,4.51,1.24,1.85,5.26,3.45,1.13,2.75
SUP-018,8.01,2.66,2.86,9.16,2.04,4.35,2.06,7.14,1.18
SUP-019,8.6,2.22,8.7,6.2,4.47,5.34,4.57,3.68,9.68
SUP-020,4.71,5.48,8.62,1.69,1.92,9.77,7.12,4.28,9.81
SUP-021,5.5,5.09,2.97,5.96,3.83,7.02,3.28,7.04,4.84
SUP-022,4.29,1.97,2.28,4.3,9.5,6.23,2.13,5.83,4.23
SUP-023,1.97,4.16,2.9,8.27,7.38,3.67,8.05,4.87,9.83
SUP-024,8.05,4.39,5.37,5.31,6.14,2.21,2.97,3.97,5.66
SUP-025,2.53,9.14,2.5,8.46,2.68,5.93,2.41,5.8,1.94
SUP-026,6.67,2.34,7.25,2.26,9.59,5.6,3.37,1.27,3.98
SUP-027,9.5,4.57,9.01,1.65,3.38,9.38,4.31,1.85,7.71
SUP-028,7.75,3.19,6.48,9.61,4.1,2.26,8.95,5.39,6.31
SUP-029,7.62,1.78,3.03,7.47,8.54,4.26,5.58,9.58,6.79
SUP-030,9.87,7.74,6.83,4.63,4.95,5.04,4.9,6.8,1.59
SUP-031,2.41,6.52,5.78,3.5,1.39,2.19,9.69,4.98,2.48
SUP-032,1.77,8.13,2.29,5.06,5.06,5.88,9.94,5.5,1.69
SUP-033,7.4,7.73,8.59,1.06,9.35,7.29,7.08,7.18,6.09
SUP-034,5.46,1.73,5.55,7.27,6.77,3.83,5.13,8.36,6.82
SUP-035,9.16,5.5,5.6,3.45,6.5,1.38,6.04,7.85,7.62
SUP-036,5.9,4.82,2.69,4.29,1.31,8.1,9.37,4.26,1.83
SUP-037,6.7,4.47,9.8,7.36,1.35,6.12,4.79,8.47,6.52
SUP-038,1.21,5.23,9.09,6.04,3.26,1.39,8.02,1.85,6.11
SUP-039,9.55,8.29,1.05,5.25,9.8,4.03,7.15,9.21,4.77
SUP-040,3.01,8.52,9.3,5.28,7.04,8.24,1.11,6.65,4.18
SUP-041,6.09,8.57,2.97,1.44,6.12,9.56,3.06,9.42,9.29
SUP-042,8.44,6.41,6.14,6.7,8.05,1.92,7.64,2.37,6.69
SUP-043,5.01,6.96,3.55,2.24,6.7,4.64,7.16,3.41,5.67
SUP-044,8.55,1.95,6.11,8.83,9.16,1.89,4.4,7.74,5.31
SUP-045,8.44,1.98,3.68,1.15,8.11,1.14,3.22,6.03,1.0
SUP-046,4.15,5.67,1.67,8.12,7.74,3.2,8.28,5.56,6.47
SUP-047,9.86,1.06,5.42,8.44,8.83,3.56,5.68,3.67,5.42
SUP-048,7.03,7.89,6.27,4.52,3.38,7.44,1.68,1.71,3.53
SUP-049,1.76,8.95,9.78,6.07,5.96,5.52,2.78,3.56,4.89
SUP-050,1.54,9.11,4.15,5.07,2.94,3.98,8.98,3.48,7.04
SUP-051,8.88,5.85,8.37,4.15,7.52,2.65,8.45,1.78,4.52
SUP-052,9.66,8.47,6.61,4.39,5.05,6.42,4.16,6.39,8.61
SUP-053,3.07,6.45,9.18,4.32,8.18,1.32,3.79,8.82,6.53
SUP-054,9.89,5.9,3.02,1.4,9.85,1.58,8.62,6.89,9.19
SUP-055,9.81,4.68,2.81,8.39,4.69,1.1,9.43,5.95,7.63
SUP-056,2.21,5.12,8.26,9.85,3.71,4.38,8.44,2.18,2.77
SUP-057,8.48,8.96,8.59,1.24,4.94,9.13,7.15,1.79,7.41
SUP-058,2.92,1.7,2.58,9.35,3.14,5.07,7.0,1.72,7.78
SUP-059,2.22,8.9,3.97,7.25,7.19,1.94,2.29,8.04,4.75
SUP-060,4.77,3.72,8.66,2.42,5.25,8.69,2.98,4.55,6.5
SUP-061,5.03,9.48,2.14,2.77,1.74,4.4,1.35,3.34,9.95
SUP-062,2.37,3.75,9.48,5.59,8.93,9.94,5.29,7.75,6.56
SUP-063,1.13,8.01,2.32,2.64,3.71,7.14,1.45,4.81,8.59
SUP-064,7.29,6.3,8.97,4.03,1.75,3.97,3.39,7.36,7.95
SUP-065,5.58,2.04,5.02,8.87,5.37,9.22,9.87,2.35,9.33
SUP-066,2.06,5.31,4.04,9.29,4.48,4.63,9.5,2.67,3.41
SUP-067,5.43,2.68,5.56,2.3,3.92,7.56,5.33,3.61,4.09
SUP-068,3.19,8.64,7.25,1.8,1.68,4.76,4.1,6.31,5.01
SUP-069,3.56,6.04,6.26,5.31,9.36,6.33,7.68,9.53,6.87
SUP-070,8.54,6.02,6.98,3.55,4.3,5.45,4.48,4.51,6.53
SUP-071,2.68,4.18,6.67,2.68,2.58,6.55,2.17,9.86,1.43
SUP-072,1.75,5.75,7.22,2.46,4.94,5.87,3.37,8.57,2.6
SUP-073,9.13,1.24,9.28,6.83,6.32,3.75,1.32,5.75,9.25
SUP-074,6.94,8.21,4.5,8.06,9.93,4.49,6.75,3.77,4.22
SUP-075,1.63,1.05,8.03,1.61,7.99,6.92,8.23,3.52,8.53
SUP-076,7.04,5.8,5.73,6.3,8.57,8.99,6.59,6.23,5.88
SUP-077,5.56,10.0,3.15,7.9,1.49,9.37,7.68,6.81,8.82
SUP-078,6.16,1.87,4.19,9.38,1.74,1.33,9.96,1.76,1.12
SUP-079,1.18,8.84,1.15,8.04,7.49,5.3,5.36,9.49,1.69
SUP-080,1.41,1.08,6.19,4.56,9.67,7.6,3.27,9.3,5.95
SUP-081,4.97,4.33,5.39,6.56,9.99,9.81,6.41,4.67,3.28
SUP-082,9.98,8.24,3.95,5.12,3.81,9.9,6.05,4.85,4.35
SUP-083,6.98,2.43,9.16,5.95,5.44,7.58,9.28,2.63,2.18
SUP-084,9.12,9.24,7.93,5.31,4.07,9.94,2.2,9.81,1.71
SUP-085,9.98,8.75,3.05,9.17,8.22,8.89,9.69,9.36,4.82
SUP-086,5.42,3.99,1.87,5.18,2.89,4.03,8.4,1.21,1.23
SUP-087,8.72,6.67,8.52,5.13,7.85,2.15,8.99,7.37,2.82
SUP-088,5.51,2.01,4.74,8.4,7.07,6.56,8.35,8.13,4.53
SUP-089,7.18,9.47,6.36,8.83,9.29,4.73,3.81,9.85,3.17
SUP-090,8.39,6.34,2.89,3.02,4.49,2.7,7.79,9.94,6.24
SUP-091,5.02,4.93,7.09,7.01,4.35,2.06,6.2,7.01,7.32
SUP-092,2.34,9.54,3.42,3.5,5.06,1.69,8.93,5.16,7.82
SUP-093,4.52,6.42,1.18,5.15,8.44,8.83,4.28,8.54,8.26
SUP-094,7.41,7.76,4.17,8.2,1.85,8.61,8.55,4.08,4.72
SUP-095,5.77,3.94,5.02,7.94,2.89,1.17,3.15,7.92,8.67
SUP-096,6.56,9.08,4.48,3.62,7.98,2.78,9.98,1.04,8.21
SUP-097,1.16,3.73,6.49,1.69,6.44,2.08,6.34,7.0,2.6
SUP-098,5.35,4.38,3.53,1.77,4.5,4.94,9.91,2.9,6.6
SUP-099,5.95,9.83,6.13,7.04,2.54,9.38,4.27,1.51,1.84
SUP-100,2.7,3.12,4.6,3.59,2.57,6.8,1.63,7.64,9.97
SUP-101,2.62,3.01,2.04,5.13,1.19,2.91,1.5,3.91,9.69
SUP-102,5.99,8.82,2.59,4.58,1.68,3.13,5.77,3.29,6.21
SUP-103,5.75,9.08,7.33,3.59,2.05,6.58,2.02,9.45,6.12
SUP-104,4.57,1.29,1.87,7.31,8.35,1.68,5.62,3.07,9.04
SUP-105,5.38,1.76,2.85,1.56,5.81,9.28,7.15,6.14,3.19
SUP-106,8.76,4.68,9.1,8.75,3.52,3.61,6.68,5.07,9.38
SUP-107,9.98,3.41,8.01,2.68,2.89,1.31,2.72,8.1,6.63
SUP-108,4.03,3.69,4.69,3.7,7.63,3.83,2.58,5.61,7.75
SUP-109,9.24,9.13,7.83,2.84,6.89,2.32,9.14,6.84,4.39
SUP-110,1.18,6.46,4.83,1.5,6.48,3.63,2.63,5.17,9.01
SUP-111,5.27,5.33,1.5,2.55,5.19,2.82,8.63,4.94,3.24
SUP-112,3.37,3.83,9.4,3.99,7.94,3.55,8.32,1.71,5.33
SUP-113,8.47,3.64,1.51,7.96,3.55,2.82,5.19,6.87,3.94
SUP-114,3.47,4.13,8.06,5.18,8.57,7.42,1.13,9.18,2.25
SUP-115,4.92,7.88,7.74,2.9,5.66,3.27,9.91,3.86,8.48
SUP-116,4.81,2.28,5.58,8.44,5.08,7.66,9.4,9.46,8.29
SUP-117,4.59,1.7,3.52,2.67,1.16,8.14,5.54,4.4,3.64
SUP-118,5.02,3.81,2.08,7.91,1.68,1.5,8.42,2.73,2.05
SUP-119,3.99,9.05,9.54,3.26,9.35,3.56,7.99,9.19,6.8
SUP-120,1.1,5.19,1.61,9.68,5.51,7.91,5.59,9.19,9.74
SUP-121,3.79,2.82,9.83,6.02,7.77,9.02,4.8,1.01,3.29
SUP-122,1.47,6.76,8.11,6.16,3.84,9.88,4.18,2.31,7.47
SUP-123,1.09,9.75,1.44,6.19,6.27,9.49,5.61,8.39,3.22
SUP-124,6.16,5.2,4.73,8.71,4.5,8.63,6.39,9.64,9.97
SUP-125,6.31,8.93,2.09,8.82,1.7,9.2,4.15,9.87,9.7
SUP-126,7.46,7.38,6.25,3.69,4.42,3.67,3.71,5.16,1.77
SUP-127,9.67,3.8,5.37,1.48,1.16,3.76,5.53,2.34,9.76
SUP-128,3.75,5.02,3.82,6.83,5.57,2.41,2.39,6.04,7.93
SUP-129,1.14,2.26,3.41,1.75,5.82,8.5,3.86,4.44,2.25
SUP-130,3.42,9.1,8.32,9.2,7.57,9.98,5.51,7.74,6.51
SUP-131,1.33,3.09,7.83,1.55,6.18,8.84,4.89,9.19,9.06
SUP-132,3.07,3.46,7.56,3.29,1.99,2.41,6.62,1.12,9.56
SUP-133,5.18,2.92,6.56,2.36,9.95,1.28,7.78,2.47,8.81
SUP-134,2.12,9.52,9.79,2.89,4.55,9.42,8.61,4.96,2.15
SUP-135,1.88,7.33,4.9,5.43,3.87,7.36,3.59,1.43,5.78
SUP-136,1.89,3.98,1.79,5.06,6.51,8.09,9.45,2.95,4.12
SUP-137,9.51,7.39,9.34,4.63,4.82,4.96,1.57,7.65,9.71
SUP-138,9.37,7.63,2.94,10.0,6.03,4.18,3.61,1.51,4.24
SUP-139,5.71,9.39,7.51,5.04,4.89,8.8,9.46,2.9,9.72
SUP-140,7.87,4.02,2.72,1.05,3.68,6.61,6.47,9.36,1.53
SUP-141,3.64,3.78,6.61,8.68,7.42,2.48,4.25,1.13,2.34
SUP-142,2.77,4.77,9.02,7.74,1.13,4.56,3.04,2.81,1.01
SUP-143,6.67,9.94,5.41,1.63,2.61,9.05,6.77,7.56,6.71
SUP-144,7.09,8.75,1.94,8.96,4.2,4.44,1.41,9.62,3.79
SUP-145,8.34,8.48,1.62,4.84,5.22,8.79,7.82,3.68,5.22
SUP-146,7.48,7.11,8.0,7.95,7.17,3.89,3.07,9.76,5.68
SUP-147,4.28,8.12,5.67,4.8,8.42,1.6,4.12,4.4,3.68
SUP-148,6.55,4.37,8.16,9.8,9.09,3.15,4.33,9.07,8.51
SUP-149,4.42,3.87,9.88,6.29,2.25,9.65,2.97,5.9,5.66
SUP-150,8.3,2.9,7.88,8.72,4.27,6.57,4.72,4.84,6.28
SUP-151,1.97,2.66,9.45,4.02,8.27,8.68,8.03,2.78,9.07
SUP-152,8.19,9.85,8.52,6.3,7.21,9.85,4.56,6.44,7.13
SUP-153,7.83,3.57,7.62,1.71,5.57,9.28,7.07,9.55,1.27
SUP-154,5.04,2.1,1.23,1.2,9.2,9.94,4.95,8.5,9.98
SUP-155,2.15,5.44,9.48,2.02,5.07,2.05,7.26,8.99,9.79
SUP-156,9.5,7.73,5.83,5.53,2.22,5.46,8.48,5.92,8.21
SUP-157,4.85,7.0,2.54,1.11,3.02,3.27,3.85,8.92,6.88
SUP-158,5.48,4.06,5.51,2.91,4.81,4.86,9.79,6.5,5.05
SUP-159,4.45,5.94,4.13,1.39,8.93,2.62,1.5,5.85,2.89
SUP-160,9.64,7.52,2.88,2.74,1.74,7.3,4.31,4.13,4.3
SUP-161,7.52,4.62,7.4,7.19,2.24,7.43,1.82,5.25,6.38
SUP-162,2.7,7.85,6.93,4.77,8.73,8.43,9.49,9.08,6.89
SUP-163,2.87,1.28,1.59,4.46,8.72,8.44,8.15,6.07,5.91
SUP-164,7.04,1.91,4.89,1.55,8.67,8.51,3.05,5.87,9.6
SUP-165,4.7,7.84,5.71,9.99,4.93,9.91,8.42,8.51,3.31
SUP-166,9.42,3.88,9.04,5.73,4.59,5.63,3.57,4.43,4.93
SUP-167,2.47,6.64,2.03,5.16,2.4,4.69,7.33,5.15,7.98
SUP-168,7.14,3.73,1.07,4.43,6.38,5.26,2.71,4.66,9.18
SUP-169,5.39,1.86,7.65,1.11,9.2,3.9,8.09,3.78,1.83
SUP-170,9.36,6.62,8.63,7.85,2.91,5.7,5.74,4.6,5.85
SUP-171,6.4,3.98,6.72,9.09,3.7,3.72,1.71,3.65,1.99
SUP-172,9.81,8.18,1.19,8.03,6.34,1.41,7.81,6.99,5.92
SUP-173,5.89,1.6,1.23,1.85,3.17,1.49,5.96,1.57,4.5
SUP-174,5.63,1.06,9.1,7.42,3.84,9.22,7.23,2.62,8.89
SUP-175,3.91,8.04,4.83,5.11,1.17,3.63,9.37,6.32,7.93
SUP-176,2.88,5.85,9.62,8.76,6.34,3.61,7.66,2.36,2.1
SUP-177,6.88,2.6,1.88,7.22,4.05,6.75,9.03,7.76,9.3
SUP-178,2.27,6.75,9.63,5.02,5.5,1.66,3.7,2.55,1.07
SUP-179,9.1,3.62,6.64,8.86,5.32,9.09,6.23,9.61,6.06
SUP-180,6.76,1.43,2.51,6.04,2.22,8.24,5.39,7.18,8.28
SUP-181,1.09,7.01,3.88,3.72,9.32,6.32,2.79,1.38,1.67
SUP-182,3.98,7.21,3.03,3.38,2.53,6.34,8.22,2.61,4.8
SUP-183,2.64,7.43,5.18,7.45,7.83,5.55,8.68,5.78,4.9
SUP-184,8.45,9.21,5.28,8.76,2.7,4.73,1.36,3.41,2.54
SUP-185,6.22,8.82,6.25,9.59,4.87,2.44,8.5,5.68,9.17
SUP-186,6.8,5.6,8.34,3.16,9.07,3.33,1.07,8.44,4.19
SUP-187,3.6,3.72,6.01,6.77,4.0,5.99,6.96,9.5,9.24
SUP-188,9.62,1.54,6.48,9.15,5.65,4.35,9.25,4.45,2.04
SUP-189,3.13,8.83,7.78,9.15,2.94,8.3,2.4,8.46,4.42
SUP-190,3.4,9.8,1.98,1.45,3.11,3.09,4.6,4.21,3.12
SUP-191,7.98,3.26,2.25,3.7,4.99,9.66,6.23,4.66,2.17
SUP-192,3.97,1.33,3.41,7.89,1.69,2.66,4.49,1.12,5.83
SUP-193,2.0,4.81,8.2,2.96,7.92,9.42,2.35,3.45,7.99
SUP-194,7.63,3.44,2.99,4.87,8.26,7.91,6.63,2.4,2.64
SUP-195,5.7,8.65,5.28,8.3,5.19,1.45,1.44,5.37,7.06
SUP-196,8.49,3.23,1.04,6.05,3.48,7.76,3.02,9.01,9.38
SUP-197,3.47,7.84,8.12,2.48,7.95,4.92,4.89,8.03,9.6
SUP-198,5.15,4.65,8.81,1.45,4.19,3.12,7.98,6.32,4.74
SUP-199,6.08,7.37,9.3,3.99,7.91,6.69,7.82,9.83,2.52
SUP-200,4.93,9.29,1.56,5.83,7.4,7.31,4.28,7.58,3.76
SUP-201,6.88,8.59,1.61,1.11,2.17,6.58,9.04,8.72,1.02
SUP-202,8.12,2.28,2.9,9.77,5.32,7.18,2.12,9.96,7.38
SUP-203,5.51,8.71,7.05,3.52,3.28,7.79,5.71,2.34,3.05
SUP-204,9.56,5.11,4.0,5.98,6.92,3.75,5.98,8.1,2.47
SUP-205,6.15,8.43,6.46,8.78,3.39,1.27,7.95,1.57,6.73
SUP-206,6.77,1.96,5.39,2.99,4.89,9.91,4.46,3.04,1.69
SUP-207,4.79,6.11,6.96,8.62,3.79,1.58,5.27,5.66,2.84
SUP-208,9.37,9.61,9.35,1.36,1.0,2.67,4.68,2.87,7.77
SUP-209,7.58,2.12,1.49,3.26,4.39,7.1,5.1,5.2,2.98
SUP-210,9.9,3.71,5.04,2.48,1.52,9.51,4.61,5.32,3.18
SUP-211,8.47,1.06,4.46,1.52,4.82,6.02,6.82,9.47,8.02
SUP-212,4.37,7.49,4.55,6.38,7.25,9.31,2.38,6.27,2.83
SUP-213,6.87,8.02,2.09,4.48,8.83,4.06,2.2,1.09,8.68
SUP-214,6.95,4.22,6.57,6.28,5.92,7.76,1.22,1.53,2.8
SUP-215,7.84,6.94,2.9,4.85,2.29,2.67,5.11,8.17,5.95
SUP-216,6.67,2.22,1.7,5.81,7.99,9.38,4.69,4.09,6.69
SUP-217,6.74,9.14,2.24,6.58,1.22,8.78,8.72,8.15,3.79
SUP-218,9.78,9.77,3.73,2.29,1.2,6.86,8.18,4.94,2.39
SUP-219,6.69,7.77,6.28,3.46,1.51,9.11,1.02,3.49,7.63
SUP-220,2.44,5.09,5.18,3.45,4.67,6.08,1.71,2.58,5.61
SUP-221,8.57,4.27,1.75,8.91,1.45,5.42,9.14,4.17,8.65
SUP-222,1.98,3.25,6.77,9.85,7.51,6.0,7.73,8.77,2.12
SUP-223,7.51,4.61,9.65,3.22,8.11,7.0,1.07,9.19,3.87
SUP-224,7.51,2.87,1.62,9.12,6.94,9.89,7.87,6.0,8.93
SUP-225,4.85,8.04,1.74,1.89,5.13,3.99,9.48,4.16,7.93
SUP-226,5.74,5.34,9.18,5.44,4.82,6.52,2.01,2.85,3.57
SUP-227,6.05,2.29,2.94,1.47,1.8,6.33,3.54,7.48,9.45
SUP-228,2.31,3.23,4.8,9.12,1.64,2.55,5.88,4.84,4.0
SUP-229,3.29,3.06,4.3,9.22,5.4,2.73,2.52,9.43,3.58
SUP-230,3.42,3.46,1.53,4.92,8.62,7.86,6.0,5.12,6.33
SUP-231,1.44,2.48,2.36,2.75,6.55,3.0,4.3,2.57,6.98
SUP-232,1.59,6.33,9.84,9.37,3.27,6.66,2.56,8.05,1.67
SUP-233,5.22,8.93,3.8,5.47,4.7,3.86,1.69,4.63,9.0
SUP-234,9.95,1.02,3.3,3.81,9.37,4.3,8.77,5.12,9.56
SUP-235,9.39,4.46,3.79,2.86,1.1,1.81,5.41,4.02,9.17
SUP-236,2.3,8.89,8.75,3.23,6.8,4.72,1.92,9.11,3.33
SUP-237,9.03,1.77,7.34,7.95,2.33,5.28,2.7,8.5,5.16
SUP-238,3.44,2.09,7.5,1.09,4.1,8.89,1.62,6.34,2.65
SUP-239,1.42,1.24,2.96,4.03,5.92,3.47,9.03,7.13,5.7
SUP-240,7.52,1.54,5.8,2.65,5.32,5.45,9.59,8.35,2.83
SUP-241,9.38,5.28,8.4,8.72,7.09,5.09,4.72,8.65,8.55
SUP-242,6.9,5.61,8.75,8.25,6.2,5.45,5.43,1.05,4.68
SUP-243,6.91,1.03,7.65,4.25,9.47,5.92,6.42,6.1,6.57
SUP-244,5.43,4.47,7.6,5.45,5.17,7.78,4.69,3.06,8.81
SUP-245,9.63,1.11,7.48,8.51,2.06,7.29,1.07,6.08,1.24
SUP-246,6.96,9.84,4.51,4.75,2.08,5.58,7.63,3.58,7.53
SUP-247,4.58,1.41,1.17,3.43,7.64,5.03,4.56,4.68,8.09
SUP-248,6.81,3.04,2.98,5.88,7.93,8.65,4.83,5.18,5.15
SUP-249,1.19,1.82,5.86,3.11,7.74,7.39,1.44,3.79,9.75
SUP-250,7.12,7.16,4.67,1.02,2.12,4.26,1.27,9.23,4.15
SUP-251,8.15,3.94,3.35,5.02,9.07,8.08,2.45,2.25,5.18
SUP-252,1.91,8.65,8.93,6.79,9.6,7.22,5.95,4.26,4.1
SUP-253,3.9,5.76,5.96,4.37,9.83,5.44,2.65,8.26,1.71
SUP-254,1.0,3.25,7.03,5.71,5.73,6.37,7.62,8.43,7.05
SUP-255,8.6,4.29,5.71,6.61,4.85,2.2,5.88,6.69,8.44
SUP-256,2.97,5.47,7.33,4.49,3.76,6.69,1.91,3.78,9.27
SUP-257,9.2,9.08,9.45,8.0,9.39,2.46,3.88,9.88,3.33
SUP-258,9.81,1.94,5.01,3.15,5.82,3.01,1.87,4.53,8.15
SUP-259,9.86,8.89,8.16,9.85,2.91,9.3,5.2,4.81,1.28
SUP-260,4.46,9.05,8.21,7.56,5.68,7.0,8.11,1.14,3.71
SUP-261,2.45,2.73,5.53,3.52,1.21,9.63,6.36,5.33,7.15
SUP-262,8.97,6.23,4.34,9.59,7.36,8.58,6.16,4.4,9.11
SUP-263,8.52,9.14,8.49,5.27,5.72,6.52,5.12,1.99,8.28
SUP-264,9.57,2.16,2.52,3.15,9.92,9.3,5.33,9.48,7.2
SUP-265,2.33,4.26,3.99,8.36,5.87,2.66,3.28,8.78,2.57
SUP-266,7.65,5.8,9.09,6.38,5.46,1.74,9.42,9.37,4.1
SUP-267,1.64,1.96,2.34,4.5,6.3,2.8,2.37,5.83,3.94
SUP-268,6.92,7.51,8.93,3.73,5.85,5.22,5.33,5.47,4.8
SUP-269,2.01,5.41,4.75,8.68,9.81,8.76,6.01,8.08,4.23
SUP-270,1.41,5.23,7.22,5.97,1.51,5.78,6.97,5.89,1.91
SUP-271,6.93,5.97,5.87,2.45,4.66,4.14,3.2,6.6,5.39
SUP-272,6.09,5.46,3.2,2.04,3.66,5.65,8.4,7.15,3.73
SUP-273,2.72,5.77,6.82,5.77,2.71,4.21,8.69,3.66,2.78
SUP-274,5.83,8.37,7.5,8.78,8.91,2.73,2.7,9.94,1.81
SUP-275,2.68,5.8,7.32,9.13,4.94,9.86,1.94,2.59,8.37
SUP-276,2.69,1.05,6.37,1.63,2.15,2.18,2.52,3.72,2.63
SUP-277,2.28,1.77,8.76,1.41,5.51,4.84,7.25,8.11,2.97
SUP-278,3.41,6.58,7.75,3.89,6.12,6.1,8.55,6.64,6.39
SUP-279,6.79,7.57,6.57,2.64,7.87,8.83,8.02,5.25,1.42
SUP-280,8.05,4.64,8.79,1.44,1.62,8.27,1.45,2.67,2.32
SUP-281,2.91,2.44,8.03,2.0,9.61,3.28,2.93,1.89,9.22
SUP-282,5.05,8.52,9.96,4.76,3.2,6.01,7.27,7.18,2.76
SUP-283,8.54,8.25,2.91,6.52,4.03,5.64,6.08,1.64,3.58
SUP-284,5.25,1.95,2.45,6.35,4.53,1.97,4.55,9.52,4.33
SUP-285,4.69,4.78,1.11,2.03,8.59,2.9,8.41,3.03,2.66
SUP-286,9.38,4.84,2.01,4.18,6.66,8.27,5.76,4.9,5.52
SUP-287,1.45,9.83,1.46,1.6,4.81,1.98,8.5,6.22,1.74
SUP-288,5.43,5.73,4.25,4.03,1.66,1.06,3.92,6.98,9.19
SUP-289,4.32,5.76,8.88,1.78,5.03,8.58,2.0,4.93,2.02
SUP-290,9.96,2.16,9.63,1.54,6.61,9.1,9.18,4.56,3.01
SUP-291,2.56,4.98,4.5,9.54,7.52,9.77,8.41,3.31,6.93
SUP-292,2.27,9.1,1.82,5.95,4.57,8.93,1.21,2.45,4.74
SUP-293,2.41,2.82,4.64,1.87,3.92,3.44,3.92,4.78,5.96
SUP-294,8.48,6.2,5.4,3.3,6.54,9.32,6.35,4.9,8.88
SUP-295,2.87,1.12,9.85,3.76,3.96,3.28,6.09,2.43,3.53
SUP-296,5.82,7.77,1.7,2.81,5.93,2.11,5.2,5.04,6.43
SUP-297,3.14,6.87,8.38,9.32,4.01,5.65,7.12,6.72,7.52
SUP-298,8.55,9.82,4.78,5.18,3.25,7.96,4.98,1.03,4.85
SUP-299,6.33,3.94,8.1,2.72,9.04,7.55,9.06,6.39,4.65
SUP-300,2.9,4.31,1.09,8.79,4.61,6.17,7.15,8.06,8.13
SUP-301,6.24,8.83,9.57,4.88,2.7,2.56,4.17,4.25,6.72
SUP-302,1.67,5.78,8.18,5.4,8.08,5.56,3.29,3.93,7.47
SUP-303,4.23,8.56,1.9,9.93,5.86,3.51,2.64,7.3,2.36
SUP-304,8.48,8.41,5.71,3.71,7.87,5.88,7.88,7.98,1.7
SUP-305,7.65,3.31,3.98,9.72,8.63,8.22,3.49,1.08,3.66
SUP-306,7.48,9.95,9.18,1.23,3.38,6.41,4.28,2.19,5.53
SUP-307,5.9,6.96,8.65,4.83,1.5,6.82,5.3,3.4,7.23
SUP-308,8.81,7.01,9.58,8.64,4.77,9.36,2.87,2.71,3.1
SUP-309,3.92,4.61,5.52,1.73,8.94,9.26,1.03,7.05,1.73
SUP-310,2.46,8.67,5.79,8.22,6.5,2.71,3.36,7.16,1.13
SUP-311,7.47,7.0,6.94,9.98,2.91,4.35,8.81,5.27,5.22
SUP-312,3.42,9.83,8.75,5.59,5.11,4.09,4.65,9.45,8.38
SUP-313,5.46,1.7,5.62,7.71,2.73,6.2,3.81,9.89,8.36
SUP-314,7.99,7.04,9.4,1.38,6.0,6.25,4.7,8.86,2.9
SUP-315,1.11,5.52,3.68,9.32,7.59,3.72,8.3,4.46,3.84
SUP-316,9.41,4.83,3.56,4.15,1.41,4.31,1.27,6.48,7.93
SUP-317,3.45,7.04,5.64,8.33,4.33,5.29,6.02,8.82,7.45
SUP-318,7.46,2.26,9.77,3.64,2.31,7.93,3.18,5.31,6.79
SUP-319,9.48,4.33,1.87,3.74,5.12,1.95,4.38,3.84,4.38
SUP-320,7.77,5.22,5.23,5.39,1.6,1.38,5.09,3.39,5.07
SUP-321,5.42,7.49,8.9,7.01,8.85,7.74,4.18,4.9,2.26
SUP-322,4.95,4.55,8.62,5.96,9.33,5.1,6.77,8.72,8.16
SUP-323,8.83,5.02,1.19,7.02,4.38,6.74,4.85,1.08,6.93
SUP-324,3.38,2.42,3.16,7.72,2.49,6.49,1.83,5.85,2.92
SUP-325,5.84,8.1,7.86,8.87,4.5,2.75,4.56,6.44,3.15
SUP-326,9.66,5.48,4.8,4.7,6.13,7.17,9.27,7.68,7.06
SUP-327,3.84,2.14,7.22,5.6,3.16,2.13,6.37,9.81,9.7
SUP-328,1.91,3.89,9.22,2.85,9.63,4.89,2.5,3.67,6.53
SUP-329,9.29,7.86,8.41,6.82,7.99,4.67,9.09,4.86,7.24
SUP-330,6.14,6.21,1.79,2.72,4.44,5.76,4.95,7.41,5.6
SUP-331,9.28,3.27,2.6,5.94,6.66,9.14,4.04,9.88,4.99
SUP-332,8.98,7.79,7.13,1.02,2.53,2.53,3.19,9.43,5.76
SUP-333,8.8,4.96,8.71,8.95,6.79,1.98,2.88,2.5,1.56
SUP-334,1.34,3.05,8.23,1.89,5.37,4.46,6.37,8.05,2.8
SUP-335,1.31,6.69,7.24,6.22,1.45,2.39,5.32,7.72,4.6
SUP-336,6.69,3.47,5.92,9.77,9.13,9.81,5.61,9.52,5.19
SUP-337,2.49,6.14,3.48,2.03,2.1,8.9,1.56,3.25,1.01
SUP-338,6.7,2.78,4.15,5.75,1.52,9.81,1.99,7.3,1.26
SUP-339,6.48,4.55,4.71,7.07,2.44,8.04,7.75,4.34,4.4
SUP-340,2.94,5.67,9.46,5.28,9.91,4.57,3.28,2.31,5.14
SUP-341,6.04,5.31,7.41,4.95,1.05,3.27,2.27,5.45,5.66
SUP-342,4.89,6.53,9.05,8.58,8.17,1.8,4.01,8.99,3.2
SUP-343,1.96,2.93,6.99,2.74,5.94,3.36,9.89,1.67,4.36
SUP-344,7.62,6.17,4.06,8.62,9.22,4.92,6.08,4.63,3.84
SUP-345,3.3,6.88,4.0,9.34,8.75,3.04,4.48,8.66,1.07
SUP-346,2.03,3.65,8.18,3.45,3.92,3.69,1.85,9.96,2.61
SUP-347,3.66,8.63,8.64,2.4,7.61,5.41,3.86,4.99,2.19
SUP-348,8.02,5.18,4.89,3.29,5.55,7.31,1.22,3.13,7.69
SUP-349,1.78,6.73,1.25,8.85,7.21,3.2,8.07,1.82,3.24
SUP-350,6.31,2.33,7.65,6.25,2.12,6.53,2.86,2.63,8.98
SUP-351,9.29,2.73,8.9,5.26,8.42,6.75,3.31,1.39,6.93
SUP-352,3.12,3.53,5.65,6.15,8.74,7.78,9.7,1.91,5.24
SUP-353,8.41,6.19,3.91,5.79,7.05,9.86,9.98,6.36,4.47
SUP-354,7.83,7.99,7.08,6.86,6.04,6.09,3.32,8.58,1.87
SUP-355,4.01,6.88,7.91,1.64,2.95,8.71,8.1,4.33,7.55
SUP-356,6.94,6.16,6.87,2.27,3.27,2.9,6.59,4.54,4.3
SUP-357,6.42,7.99,7.34,9.01,5.8,1.0,3.83,7.7,3.62
SUP-358,5.83,3.17,9.97,4.31,3.41,2.02,2.3,4.86,2.01
SUP-359,6.06,6.81,1.9,5.9,8.17,8.45,8.9,2.66,3.7
SUP-360,2.02,6.17,3.26,4.71,7.7,9.29,4.25,7.13,6.09
SUP-361,5.27,8.46,8.16,3.57,4.04,8.57,1.82,6.29,7.57
SUP-362,4.77,7.97,2.55,3.31,7.28,3.98,3.0,8.01,7.0
SUP-363,1.85,2.95,5.46,8.5,5.62,9.16,6.03,9.14,4.54
SUP-364,4.32,9.95,5.71,1.89,8.15,3.47,9.01,2.21,6.3
SUP-365,1.01,9.23,3.4,1.96,4.41,6.6,8.76,5.67,9.02
SUP-366,1.88,6.68,6.49,8.62,5.46,7.23,9.03,8.68,7.78
SUP-367,5.83,7.64,7.44,5.68,2.13,6.79,5.76,8.42,1.94
SUP-368,7.64,2.71,1.63,4.53,1.22,5.6,9.54,4.87,3.55
SUP-369,8.91,3.62,3.31,2.14,5.1,2.05,8.68,3.15,9.41
SUP-370,4.79,2.27,2.65,8.57,6.32,4.9,6.23,3.41,2.28
SUP-371,9.54,6.88,1.2,4.56,9.96,4.62,1.2,9.73,2.12
SUP-372,2.35,7.18,5.8,2.92,9.05,4.41,5.83,3.39,6.6
SUP-373,4.7,8.95,4.25,8.04,3.02,3.36,2.61,6.38,7.81
SUP-374,9.35,4.94,4.52,8.92,4.29,8.12,1.68,4.26,6.23
SUP-375,4.62,8.17,8.16,4.12,2.45,2.07,7.83,8.49,5.97
SUP-376,6.94,5.87,7.1,9.64,4.96,7.88,3.92,5.56,5.82
SUP-377,9.85,5.9,4.36,5.13,3.66,6.84,3.86,9.87,4.95
SUP-378,6.7,8.06,7.2,6.58,5.76,4.34,3.06,9.14,9.37
SUP-379,3.51,5.71,4.02,3.28,3.83,1.82,1.49,4.84,7.55
SUP-380,3.53,4.72,6.86,8.86,6.25,7.78,6.32,3.95,7.94
SUP-381,7.31,6.73,4.43,5.26,1.1,7.65,7.33,9.04,9.16
SUP-382,5.73,4.76,8.26,9.9,2.59,2.23,8.56,1.13,8.25
SUP-383,8.53,5.6,7.69,4.81,6.66,2.9,6.0,5.41,2.12
SUP-384,6.71,5.85,7.89,7.23,9.28,5.52,4.45,1.38,1.78
SUP-385,4.57,8.25,7.03,8.52,9.89,7.63,1.18,6.59,2.97
SUP-386,5.4,7.36,7.08,4.53,1.22,4.91,9.7,1.79,6.91
SUP-387,9.94,7.22,8.99,8.33,1.96,9.91,6.0,9.05,4.08
SUP-388,3.41,4.57,8.57,8.52,6.01,7.16,1.94,9.92,4.47
SUP-389,7.98,8.29,4.41,5.66,9.06,5.37,4.73,4.37,3.21
SUP-390,5.66,5.38,3.12,6.5,2.94,6.54,7.31,7.85,9.96
SUP-391,3.36,6.34,6.22,9.87,6.14,6.57,2.05,7.39,1.9
SUP-392,5.92,5.53,7.44,8.8,4.24,7.02,7.05,1.44,4.01
SUP-393,2.0,4.58,7.38,8.98,8.05,8.07,4.05,1.67,3.03
SUP-394,1.44,5.83,3.23,9.08,1.77,4.41,2.42,9.99,9.99
SUP-395,2.96,1.86,4.81,8.83,5.47,4.93,2.85,6.58,5.51
SUP-396,4.4,6.49,6.59,9.14,5.72,9.22,8.56,7.9,3.43
SUP-397,9.74,3.34,5.32,4.42,4.77,6.64,4.72,3.64,1.55
SUP-398,7.46,8.59,2.65,8.29,7.37,5.84,4.82,4.55,5.59
SUP-399,2.15,4.61,3.56,5.75,1.81,5.1,8.85,5.69,4.77
SUP-400,4.43,1.81,1.29,1.45,9.94,6.87,3.25,3.44,1.74
SUP-401,7.31,4.6,7.71,7.2,2.65,6.58,7.88,9.44,3.83
SUP-402,7.25,1.24,6.33,1.88,7.2,4.21,3.81,1.45,5.16
SUP-403,9.66,6.29,8.52,7.05,8.86,2.78,9.84,9.42,2.7
SUP-404,7.43,7.9,7.38,9.27,7.86,5.52,2.72,1.92,5.12
SUP-405,3.82,6.16,6.05,2.23,6.98,1.17,9.68,7.79,8.96
SUP-406,9.3,8.25,8.71,6.37,6.74,4.76,4.65,6.1,9.24
SUP-407,7.78,9.31,3.62,2.33,5.09,6.93,3.76,2.0,7.41
SUP-408,6.26,3.86,3.2,7.37,9.51,3.68,8.05,1.87,4.95
SUP-409,6.15,3.87,2.11,4.72,8.56,1.44,9.26,3.73,6.47
SUP-410,3.44,6.86,7.24,8.23,3.82,5.67,6.48,7.96,1.12
SUP-411,7.42,5.07,4.11,2.17,8.79,5.26,3.04,7.19,7.43
SUP-412,7.77,8.29,2.47,2.68,7.5,3.89,6.16,3.1,5.77
SUP-413,1.18,5.38,4.84,8.35,4.14,1.48,5.61,4.03,5.35
SUP-414,2.12,1.48,8.03,7.88,5.21,8.74,7.32,5.0,8.24
SUP-415,6.82,1.02,9.19,5.79,7.98,5.34,4.09,7.9,5.56
SUP-416,5.59,6.74,2.73,5.14,9.11,5.88,6.66,8.38,6.53
SUP-417,8.5,2.14,1.07,7.98,9.39,1.13,6.47,9.42,8.36
SUP-418,7.16,4.98,9.83,2.1,1.64,9.29,2.2,1.19,2.28
SUP-419,6.26,3.08,5.04,6.27,1.36,3.52,8.52,5.94,3.24
SUP-420,4.69,5.1,4.32,6.45,9.73,5.32,6.55,1.94,2.92
SUP-421,9.72,2.67,7.1,9.67,5.52,3.81,6.62,5.71,8.14
SUP-422,9.46,4.55,9.68,7.25,8.22,7.79,9.8,6.67,1.42
SUP-423,9.15,6.83,1.77,4.9,9.57,1.41,7.35,4.7,8.86
SUP-424,4.0,5.46,3.16,5.53,8.67,9.08,6.61,4.33,7.57
SUP-425,4.17,6.76,5.29,1.53,7.89,6.49,5.13,1.8,8.64
SUP-426,6.79,4.94,8.22,6.58,1.89,2.14,7.19,4.08,9.41
SUP-427,6.29,3.11,4.65,2.03,7.94,8.9,2.14,3.77,4.24
SUP-428,3.9,1.08,3.7,8.29,7.99,1.15,3.35,9.48,1.18
SUP-429,9.58,4.26,3.26,9.44,6.63,9.54,2.02,7.56,4.66
SUP-430,2.47,2.5,7.98,8.36,3.54,8.61,7.84,6.81,5.26
SUP-431,3.74,1.6,3.52,4.47,4.32,1.08,1.31,5.89,4.47
SUP-432,6.77,5.64,9.32,7.43,1.47,2.53,2.23,5.84,9.79
SUP-433,3.5,2.75,3.81,4.94,2.56,2.03,4.69,7.46,4.29
SUP-434,6.1,4.07,3.08,2.28,7.67,7.71,7.55,2.86,4.57
SUP-435,8.0,7.17,2.25,1.96,6.52,3.79,3.77,1.97,5.06
SUP-436,7.08,3.98,7.55,3.54,8.31,4.17,9.06,1.17,4.07
SUP-437,7.15,1.35,2.54,2.69,1.23,5.09,2.8,5.73,5.02
SUP-438,4.23,5.85,9.06,8.33,9.3,2.06,3.83,5.84,9.07
SUP-439,3.2,4.55,1.53,9.35,8.78,8.04,2.31,2.26,1.03
SUP-440,3.58,9.66,3.73,2.53,1.74,5.41,1.94,9.51,7.4
SUP-441,3.26,9.11,2.77,6.25,4.62,8.01,8.34,6.7,1.85
SUP-442,7.19,4.48,1.99,4.62,8.17,1.35,8.82,9.36,5.11
SUP-443,9.88,4.88,5.1,7.63,6.46,4.52,3.27,2.59,9.18
SUP-444,4.09,3.14,3.23,3.69,7.82,6.28,4.89,5.24,5.32
SUP-445,9.78,8.26,2.35,8.17,4.33,1.89,9.23,4.3,6.73
SUP-446,6.84,1.42,7.79,9.6,5.32,6.92,5.24,7.81,2.78
SUP-447,9.63,4.34,9.09,1.93,6.41,1.58,9.66,8.52,4.45
SUP-448,4.91,5.81,1.25,3.34,3.16,8.94,8.92,1.21,7.72
SUP-449,3.4,1.69,2.72,3.83,9.3,8.95,4.58,9.91,4.75
SUP-450,3.31,2.9,4.7,2.28,5.33,6.55,8.96,5.16,3.51
SUP-451,9.01,6.35,3.57,6.18,7.62,9.57,1.0,3.0,5.04
SUP-452,7.59,4.11,7.28,1.78,7.11,3.12,7.77,4.09,2.54
SUP-453,7.77,8.41,1.04,9.17,5.02,8.42,9.11,4.34,2.86
SUP-454,9.87,6.77,8.74,4.13,1.76,9.67,7.85,7.88,2.93
SUP-455,5.63,7.11,5.31,8.97,6.74,8.48,9.57,3.32,7.94
SUP-456,3.75,9.49,3.69,8.65,5.65,3.66,5.77,7.03,4.92
SUP-457,2.22,1.67,8.76,3.7,9.12,2.97,4.03,4.47,9.97
SUP-458,5.5,3.32,3.14,6.0,8.29,6.51,6.99,5.8,6.4
SUP-459,4.7,2.31,8.94,5.7,1.67,1.17,8.94,1.5,1.11
SUP-460,2.38,8.57,8.4,5.23,4.64,3.0,2.1,1.68,8.12
SUP-461,3.98,5.36,5.89,9.31,5.96,7.02,3.26,7.98,1.55
SUP-462,6.66,4.51,5.19,9.46,6.8,3.68,3.75,1.35,6.25
SUP-463,4.44,6.31,8.14,7.13,8.39,6.63,5.33,2.4,9.96
SUP-464,4.69,5.98,6.92,3.08,3.71,7.38,2.26,4.02,5.08
SUP-465,2.06,9.2,8.1,2.98,5.67,9.27,5.69,8.42,2.68
SUP-466,4.14,8.08,3.78,8.54,8.18,9.71,4.76,9.1,1.59
SUP-467,6.18,8.9,6.26,9.02,5.95,6.21,8.41,2.11,9.45
SUP-468,6.61,4.88,9.32,9.92,1.79,2.84,9.02,2.49,4.34
SUP-469,7.96,6.88,8.94,4.65,1.99,7.84,6.75,2.18,5.19
SUP-470,3.54,7.15,1.03,1.16,4.53,8.97,4.4,7.92,4.3
SUP-471,6.44,1.03,1.44,5.73,6.88,6.37,2.8,2.93,4.77
SUP-472,2.42,4.44,5.95,2.56,7.93,8.08,9.82,4.59,9.41
SUP-473,7.7,9.69,6.28,6.91,7.57,7.78,7.5,1.52,9.76
SUP-474,5.05,8.42,3.06,1.65,6.86,9.84,1.95,1.67,4.91
SUP-475,7.78,7.26,6.9,6.36,8.44,6.94,8.27,2.8,5.24
SUP-476,5.33,1.96,3.19,3.6,1.61,9.91,1.86,5.23,3.8
SUP-477,6.48,5.72,8.67,5.1,4.01,8.55,5.39,1.48,5.14
SUP-478,2.16,7.31,6.14,6.88,3.87,9.03,6.74,4.75,4.11
SUP-479,5.41,3.02,2.42,3.67,1.9,6.15,6.51,6.46,3.79
SUP-480,1.89,5.58,1.14,4.68,9.34,5.52,1.31,6.72,8.95
SUP-481,4.61,2.32,4.6,6.73,1.59,6.82,2.93,8.03,8.17
SUP-482,9.54,7.44,7.11,5.33,9.41,1.5,1.93,2.48,7.93
SUP-483,5.58,8.25,9.04,7.86,5.27,5.24,9.49,2.82,7.29
SUP-484,8.98,6.02,8.28,2.4,8.0,4.4,4.53,6.24,7.93
SUP-485,5.8,6.03,3.63,4.53,1.42,6.3,9.9,3.68,2.38
SUP-486,1.04,2.47,7.91,8.27,8.85,9.15,8.69,9.15,3.97
SUP-487,4.43,9.93,6.15,7.54,7.45,4.18,3.95,2.82,1.5
SUP-488,4.06,1.84,2.97,2.82,5.73,9.27,6.17,7.98,3.57
SUP-489,5.67,7.94,7.03,5.12,9.63,3.42,3.89,3.22,1.18
SUP-490,5.94,6.36,5.51,4.66,5.78,9.89,3.74,5.86,8.9
SUP-491,2.62,7.74,4.69,5.22,6.23,8.22,4.01,1.99,1.77
SUP-492,7.68,7.43,4.49,9.06,2.19,6.3,6.45,1.9,5.71
SUP-493,8.64,3.21,1.19,8.9,7.56,7.29,4.68,2.18,5.29
SUP-494,1.07,3.9,9.16,9.96,1.63,6.06,6.17,7.98,2.52
SUP-495,9.99,5.38,9.06,7.55,4.01,5.13,3.9,5.86,8.75
SUP-496,6.01,2.67,5.2,1.75,6.38,4.4,1.46,8.49,5.02
SUP-497,4.55,6.78,2.3,5.31,1.09,9.83,2.86,5.21,2.71
SUP-498,3.23,2.45,8.15,6.5,5.69,2.74,3.5,1.68,3.44
SUP-499,6.92,1.05,6.43,9.91,6.17,5.76,3.44,7.81,7.7
SUP-500,4.16,7.85,7.98,5.32,7.44,7.1,8.61,3.51,4.8
SUP-501,9.15,4.74,9.7,2.07,6.31,2.67,1.67,6.8,9.51
SUP-502,9.49,3.26,9.65,8.2,4.49,9.99,3.63,7.7,4.3
SUP-503,7.81,9.5,3.43,1.6,9.51,2.97,2.74,9.2,5.36
SUP-504,7.87,6.16,4.14,9.97,5.54,8.15,1.58,9.18,4.83
SUP-505,8.74,4.9,1.42,2.16,3.22,5.76,3.12,2.71,8.42
SUP-506,1.72,2.9,7.82,5.79,7.73,6.26,5.28,9.09,9.97
SUP-507,5.12,8.61,5.39,7.68,9.67,2.09,2.19,7.72,1.68
SUP-508,9.72,8.09,6.46,9.73,7.12,6.31,6.64,3.3,2.9
SUP-509,3.81,7.2,6.34,6.68,8.42,9.13,9.75,3.68,3.73
SUP-510,9.24,9.83,5.48,5.03,5.59,6.87,9.63,3.01,4.27
SUP-511,5.18,5.9,4.98,1.72,4.72,3.33,9.05,4.94,8.76
SUP-512,5.02,7.9,4.86,8.85,3.17,8.84,4.67,7.28,9.14
SUP-513,8.46,6.92,7.17,6.72,9.31,3.37,1.19,4.02,6.94
SUP-514,1.65,3.12,4.92,7.59,8.29,9.17,4.94,8.46,4.25
SUP-515,9.31,1.27,8.99,2.74,4.09,5.47,1.31,3.48,6.74
SUP-516,4.35,6.02,6.88,3.46,7.38,2.94,4.75,9.38,5.95
SUP-517,6.3,5.39,5.36,6.48,8.28,9.41,8.43,2.84,5.67
SUP-518,6.24,3.99,3.46,5.76,4.0,9.64,5.6,6.99,1.99
SUP-519,1.72,7.37,4.82,3.22,9.83,3.75,7.48,7.74,1.07
SUP-520,6.37,5.31,1.49,1.07,9.54,7.29,4.06,4.42,7.41
SUP-521,3.59,3.57,4.2,7.51,5.55,7.78,8.17,6.79,5.64
SUP-522,2.11,2.78,5.56,1.99,8.26,9.76,6.27,5.64,9.54
SUP-523,4.83,8.57,6.48,8.8,8.12,4.04,1.73,2.54,1.79
SUP-524,7.93,4.5,5.81,5.9,8.0,4.94,8.62,9.7,3.67
SUP-525,8.03,7.92,9.72,9.01,3.76,2.41,2.28,1.94,6.5
SUP-526,9.98,8.99,3.29,5.75,2.13,3.63,2.66,3.99,9.35
SUP-527,8.26,9.33,6.79,2.71,8.12,9.61,3.39,2.6,1.13
SUP-528,7.1,3.29,8.12,9.75,8.66,7.49,4.21,7.35,8.69
SUP-529,1.96,9.54,3.18,1.34,2.32,9.45,3.26,9.81,6.14
SUP-530,6.41,8.25,6.36,3.8,5.58,5.11,9.86,3.65,3.94
SUP-531,4.55,1.65,3.06,2.72,8.96,8.31,3.92,3.01,1.84
SUP-532,8.34,8.7,4.43,2.84,6.96,2.52,8.24,1.12,1.31
SUP-533,8.08,8.52,3.38,9.23,1.02,7.88,9.16,2.26,9.33
SUP-534,1.73,4.69,5.27,5.25,2.35,1.48,1.02,7.45,7.53
SUP-535,5.09,6.09,3.55,7.83,7.8,9.58,4.12,5.12,4.35
SUP-536,4.56,7.47,9.5,2.9,2.16,8.11,7.24,3.35,6.12
SUP-537,3.01,5.95,5.54,3.64,6.04,5.54,9.62,2.81,9.13
SUP-538,2.06,8.82,1.23,5.64,7.13,5.51,1.85,9.4,5.51
SUP-539,4.79,9.26,7.36,2.13,8.14,1.53,3.39,5.97,4.79
SUP-540,2.91,6.96,1.46,9.99,1.64,3.88,6.82,4.2,9.2
SUP-541,3.77,2.03,8.52,4.4,3.8,9.97,6.24,4.02,3.31
SUP-542,4.39,4.37,2.16,1.88,1.78,1.82,2.47,4.1,4.62
SUP-543,9.46,7.28,2.91,9.47,3.29,4.3,2.25,3.85,5.27
SUP-544,3.48,1.12,3.5,8.4,3.46,2.5,1.75,6.24,6.07
SUP-545,5.18,2.98,5.24,1.5,6.58,3.5,5.54,5.24,9.43
SUP-546,1.13,7.97,6.33,5.53,8.29,7.74,3.63,7.9,2.66
SUP-547,8.1,3.71,9.46,9.71,2.21,4.75,3.21,5.44,4.19
SUP-548,4.82,3.84,6.76,7.28,7.22,2.81,4.56,1.5,7.46
SUP-549,5.99,6.72,2.75,5.24,7.29,9.13,1.07,2.28,6.49
SUP-550,9.36,4.43,2.15,2.89,5.97,5.1,7.39,7.63,5.04
SUP-551,9.87,6.28,4.27,7.33,5.05,4.41,5.41,3.87,4.01
SUP-552,9.33,4.2,1.05,8.06,9.03,6.06,8.18,3.78,7.64
SUP-553,9.91,8.34,1.92,4.71,8.19,6.73,6.94,9.79,7.5
SUP-554,6.25,6.81,7.65,2.58,8.55,3.64,2.14,2.71,2.38
SUP-555,9.03,8.26,8.81,6.07,8.45,5.31,9.92,5.86,9.54
SUP-556,7.79,5.35,7.36,1.88,7.03,3.05,7.31,6.85,3.08
SUP-557,1.38,7.48,4.35,3.14,7.6,5.42,1.55,8.41,1.61
SUP-558,7.59,4.94,2.81,5.62,9.9,3.26,9.52,5.77,1.56
SUP-559,7.3,1.42,4.58,2.58,9.55,1.9,3.19,1.04,6.39
SUP-560,2.3,6.51,5.66,6.37,7.4,5.29,7.7,7.18,2.68
SUP-561,2.87,2.48,6.78,1.69,7.27,5.22,7.77,5.21,3.68
SUP-562,8.32,8.17,5.22,4.07,4.21,3.25,4.53,7.57,4.13
SUP-563,8.01,5.17,6.0,2.93,7.14,8.86,8.86,9.81,3.31
SUP-564,5.77,2.96,5.65,7.87,7.04,5.63,9.5,9.65,4.03
SUP-565,5.13,5.06,2.65,5.55,7.04,6.84,2.59,4.78,8.73
SUP-566,4.66,6.44,2.94,2.73,6.79,1.56,6.63,8.99,6.73
SUP-567,6.31,6.09,7.11,1.77,4.69,7.01,5.16,9.87,5.88
SUP-568,2.96,6.99,1.33,3.87,5.16,9.85,3.64,4.41,8.03
SUP-569,7.71,8.82,4.4,1.9,9.77,7.74,7.56,1.49,1.46
SUP-570,7.65,2.16,2.61,7.37,7.08,9.69,2.99,3.85,8.34
SUP-571,7.26,2.41,3.19,4.22,4.23,1.57,5.78,9.35,3.32
SUP-572,3.41,4.29,5.45,2.76,5.91,9.61,2.48,3.63,6.27
SUP-573,4.99,3.47,8.0,4.11,2.51,1.18,1.4,1.16,8.11
SUP-574,7.01,3.46,7.74,9.0,7.89,5.42,5.87,2.51,9.05
SUP-575,6.38,8.49,5.4,9.85,8.29,7.67,2.89,9.13,9.5
SUP-576,7.15,9.72,7.81,2.46,4.23,3.37,9.65,9.03,4.88
SUP-577,5.58,6.17,3.72,2.56,8.86,6.03,8.35,3.43,1.78
SUP-578,4.35,1.54,8.75,6.02,5.78,8.46,3.23,2.53,1.64
SUP-579,3.97,3.44,1.25,7.41,9.01,2.43,2.68,2.73,4.92
SUP-580,3.41,3.91,8.44,4.22,6.64,4.0,1.83,7.53,2.92
SUP-581,3.17,4.43,9.55,3.82,8.94,5.57,5.49,1.84,8.9
SUP-582,5.4,5.77,3.0,4.68,8.5,6.6,4.78,8.13,8.58
SUP-583,7.85,3.09,8.94,7.52,3.37,8.54,3.84,7.06,2.49
SUP-584,6.44,9.78,2.34,2.8,3.92,1.22,8.88,8.24,5.79
SUP-585,2.3,8.83,9.78,2.63,5.96,2.51,7.18,4.16,3.57
SUP-586,6.3,6.8,5.45,3.68,7.7,2.69,9.59,8.87,4.22
SUP-587,5.62,8.41,1.63,1.69,8.53,2.92,4.82,5.07,5.68
SUP-588,3.84,7.73,4.91,1.66,4.35,9.91,9.03,5.37,7.9
SUP-589,2.6,8.03,5.48,7.87,5.79,8.17,7.84,8.32,3.54
SUP-590,3.11,9.48,3.96,9.73,2.71,6.5,9.72,9.7,2.69
SUP-591,7.21,7.27,9.59,7.88,3.54,6.88,5.19,8.28,1.06
SUP-592,9.98,9.48,7.07,6.7,5.23,10.0,2.08,5.66,7.26
SUP-593,1.91,2.53,6.11,1.49,3.43,8.04,1.1,4.69,7.29
SUP-594,3.29,5.29,7.46,8.86,4.74,6.77,8.84,5.84,7.01
SUP-595,6.38,6.13,9.93,6.58,4.63,3.66,1.02,3.25,5.71
SUP-596,4.54,2.1,4.57,2.73,1.3,9.25,6.79,3.62,2.2
SUP-597,4.72,3.04,8.02,8.07,9.81,8.62,4.54,2.44,7.73
SUP-598,6.31,4.48,3.46,6.99,8.86,2.23,3.95,6.76,4.04
SUP-599,5.57,8.03,2.01,5.12,6.61,4.35,5.25,3.95,2.37
SUP-600,3.68,4.1,8.39,7.56,7.81,8.83,2.16,9.85,6.38
SUP-601,5.24,2.37,2.84,4.07,4.6,1.65,8.01,9.1,3.56
SUP-602,5.14,7.54,2.39,6.32,2.06,3.61,2.65,6.31,5.45
SUP-603,5.43,6.61,3.16,7.69,7.92,7.88,8.12,8.14,3.17
SUP-604,9.8,6.72,1.49,5.77,7.37,5.74,5.37,9.12,1.48
SUP-605,7.11,6.39,3.66,8.39,7.28,4.57,1.75,9.43,3.91
SUP-606,9.79,5.53,5.55,9.93,9.61,9.65,1.4,1.54,2.36
SUP-607,2.18,3.62,2.19,7.73,4.93,6.83,5.78,8.73,7.06
SUP-608,4.9,1.41,6.33,3.66,4.51,3.63,5.19,4.86,9.54
SUP-609,9.66,6.14,7.47,4.35,7.93,7.72,8.87,4.57,1.71
SUP-610,3.11,6.46,6.2,9.1,2.61,6.01,5.94,1.8,3.59
SUP-611,7.54,9.72,8.2,7.27,2.67,3.5,3.44,7.71,8.42
SUP-612,6.21,5.63,6.67,6.14,5.87,5.89,4.05,8.36,5.05
SUP-613,1.33,1.83,8.67,3.73,6.52,7.18,7.24,8.04,3.28
SUP-614,3.68,9.8,5.78,9.38,9.58,7.18,3.64,9.31,8.45
SUP-615,3.01,1.58,5.9,9.57,6.56,8.32,8.26,4.21,5.94
SUP-616,7.44,6.22,5.9,2.47,7.98,4.79,7.61,6.18,5.74
SUP-617,5.45,2.03,5.89,7.4,2.12,9.69,7.05,1.96,4.39
SUP-618,3.94,8.67,2.47,2.55,8.05,1.09,6.08,6.99,5.75
SUP-619,9.94,9.19,8.22,7.04,4.7,3.17,9.27,5.88,4.91
SUP-620,2.58,4.27,8.77,7.66,3.99,2.03,5.98,2.75,1.21
SUP-621,6.82,7.56,8.23,2.2,6.53,4.43,9.67,4.33,7.96
SUP-622,3.16,2.08,2.13,7.26,8.01,1.54,2.7,1.45,1.56
SUP-623,7.11,8.64,9.12,2.79,7.66,4.88,3.79,7.52,6.12
SUP-624,6.36,9.24,9.38,1.23,8.82,8.92,1.94,5.96,7.0
SUP-625,9.33,1.38,4.64,3.23,5.06,4.23,6.24,9.47,5.27
SUP-626,2.53,6.56,6.73,3.76,8.27,6.04,4.32,3.81,1.57
SUP-627,8.17,7.19,5.82,6.48,7.55,7.41,2.05,6.95,1.17
SUP-628,2.68,3.86,1.19,6.37,3.35,6.39,5.1,6.92,3.9
SUP-629,4.55,8.65,10.0,4.39,3.51,5.62,6.94,2.19,5.25
SUP-630,6.0,1.67,8.4,7.25,1.92,4.1,2.62,5.22,9.5
SUP-631,6.89,3.71,1.57,5.25,2.68,7.05,5.16,2.52,2.58
SUP-632,7.65,8.71,9.25,2.36,8.14,7.13,8.22,5.4,2.23
SUP-633,7.21,3.25,1.91,1.06,4.24,8.61,5.97,2.94,2.67
SUP-634,6.02,6.16,3.59,9.12,4.64,1.77,5.97,7.59,9.37
SUP-635,1.37,4.02,2.06,7.92,4.11,1.51,7.1,6.46,8.0
SUP-636,9.39,5.41,6.55,5.76,3.37,7.55,6.49,9.37,5.17
SUP-637,3.92,2.16,5.4,7.33,6.57,2.29,5.38,7.55,8.89
SUP-638,9.4,8.49,4.13,8.81,7.39,3.83,7.2,2.14,8.43
SUP-639,5.04,7.04,8.44,5.66,2.75,5.82,2.85,4.65,4.12
SUP-640,9.75,4.93,6.2,1.01,6.87,8.37,9.9,3.37,7.89
SUP-641,4.4,3.31,9.73,3.86,4.94,7.28,2.87,8.28,5.61
SUP-642,6.86,5.29,3.73,3.33,2.83,5.19,1.57,8.52,6.67
SUP-643,8.08,6.72,9.42,4.09,4.81,7.48,6.52,2.12,8.07
SUP-644,7.34,5.16,2.24,2.12,5.34,1.43,3.23,8.49,4.9
SUP-645,8.45,1.46,8.0,8.51,5.68,3.12,6.75,6.39,9.3
SUP-646,2.12,9.02,7.56,9.12,7.26,2.15,5.14,9.29,7.32
SUP-647,3.45,7.15,6.75,9.95,7.8,3.65,9.19,7.46,7.43
SUP-648,3.64,4.75,5.82,3.23,7.95,3.22,7.84,4.54,1.53
SUP-649,2.91,7.69,1.84,2.1,7.98,2.99,2.39,7.36,2.35
SUP-650,7.87,7.36,4.45,4.54,3.47,8.82,3.36,2.24,7.19
SUP-651,4.59,3.92,3.11,8.68,1.61,3.25,7.42,7.89,7.61
SUP-652,9.07,6.73,9.44,8.12,2.53,2.38,5.72,5.69,5.38
SUP-653,5.9,2.22,7.93,6.73,8.79,9.08,8.51,4.58,8.67
SUP-654,1.34,4.33,8.96,9.32,5.3,4.85,5.64,8.51,1.85
SUP-655,8.82,6.24,8.56,3.32,5.55,2.86,2.14,5.88,2.83
SUP-656,4.6,4.71,6.35,3.97,4.93,3.11,3.22,9.27,4.5
SUP-657,3.18,6.22,8.3,4.91,4.5,3.93,3.3,8.97,9.51
SUP-658,7.77,1.63,6.86,4.45,4.52,3.95,8.15,7.05,9.37
SUP-659,2.52,1.87,7.41,9.82,3.09,2.67,3.04,5.79,8.39
SUP-660,8.3,7.11,7.83,6.02,5.53,7.37,3.58,5.98,4.41
SUP-661,9.45,2.94,2.57,5.24,4.99,1.78,7.31,1.06,9.47
SUP-662,6.75,1.71,5.3,9.86,7.12,3.32,3.75,2.16,3.54
SUP-663,5.63,5.9,9.67,1.4,3.19,8.45,6.41,7.32,1.84
SUP-664,9.49,1.26,4.81,6.24,4.13,4.8,6.54,9.64,9.85
SUP-665,3.92,5.85,4.43,3.94,8.07,4.97,8.87,4.11,2.18
SUP-666,3.03,7.6,4.01,1.7,7.68,5.81,5.06,8.17,5.04
SUP-667,3.88,6.44,4.39,3.33,1.69,4.35,4.96,3.7,7.7
SUP-668,5.1,4.37,3.9,2.7,5.8,8.3,7.05,6.22,2.96
SUP-669,6.23,9.85,1.75,9.45,3.54,9.31,7.95,3.36,4.07
SUP-670,7.77,6.86,2.42,4.3,1.1,5.39,7.71,8.19,4.92
SUP-671,4.08,2.56,3.15,2.34,5.73,1.02,8.12,4.89,2.3
SUP-672,3.13,1.27,6.08,1.86,6.5,8.2,3.09,2.35,4.24
SUP-673,1.9,8.8,2.55,4.28,8.63,6.13,5.87,7.69,8.84
SUP-674,9.98,9.45,7.92,4.8,6.31,1.63,9.29,5.14,8.28
SUP-675,3.58,5.81,6.95,3.31,3.29,4.28,4.98,1.33,7.46
SUP-676,7.91,7.25,3.72,8.69,3.84,8.93,1.47,3.34,9.78
SUP-677,9.58,4.47,5.03,4.86,9.49,2.53,7.43,2.24,7.81
SUP-678,3.69,3.84,7.22,2.82,1.65,1.71,2.11,9.9,4.04
SUP-679,9.7,8.59,2.27,2.24,3.91,3.08,7.71,9.11,5.82
SUP-680,5.93,9.66,7.86,2.49,7.87,1.37,6.52,8.91,6.64
SUP-681,1.73,4.64,8.16,5.54,3.9,1.0,2.65,2.95,7.17
SUP-682,9.77,5.57,4.59,6.91,3.83,9.65,2.69,1.1,4.41
SUP-683,4.82,6.27,5.41,6.44,1.46,4.42,7.65,3.95,5.78
SUP-684,2.23,1.44,7.34,9.35,6.79,9.35,2.4,7.7,7.03
SUP-685,9.25,6.58,9.89,1.15,5.97,1.31,5.49,1.73,8.6
SUP-686,7.19,9.81,6.64,7.66,7.66,5.23,8.52,7.2,7.32
SUP-687,7.14,8.9,1.66,4.88,8.96,3.54,7.43,8.93,3.55
SUP-688,8.41,4.19,5.1,6.32,4.82,8.04,3.52,9.25,2.1
SUP-689,8.75,1.39,8.47,4.32,9.42,4.13,6.61,2.5,7.19
SUP-690,5.2,1.94,2.81,4.08,9.77,9.97,3.95,4.66,8.73
SUP-691,6.55,2.34,5.29,6.88,7.02,1.84,2.62,6.22,8.25
SUP-692,2.23,8.25,8.69,7.86,7.17,7.99,1.46,1.59,6.85
SUP-693,9.38,5.59,7.07,7.14,5.42,9.83,3.42,4.33,3.12
SUP-694,3.61,1.3,3.15,6.81,4.27,1.23,8.02,9.05,8.7
SUP-695,3.77,8.22,1.88,8.7,5.88,6.18,6.13,8.95,7.34
SUP-696,8.03,7.08,6.18,9.89,7.39,9.9,9.08,9.05,3.83
SUP-697,5.09,7.47,9.31,4.68,4.89,6.98,9.66,3.8,9.41
SUP-698,5.88,1.39,8.08,6.49,8.98,2.73,5.79,2.0,1.47
SUP-699,5.76,7.51,7.34,8.92,9.78,8.86,4.97,7.99,8.58
SUP-700,2.19,5.47,4.97,8.86,4.48,5.65,1.11,2.48,5.63
SUP-701,4.53,3.69,4.48,6.55,2.0,3.36,8.97,2.97,6.34
SUP-702,4.29,2.03,7.25,1.48,2.78,4.28,7.26,9.08,8.57
SUP-703,5.8,7.91,1.93,5.87,1.72,3.85,5.78,1.08,2.94
SUP-704,1.79,8.0,8.03,1.19,9.13,6.23,9.8,8.11,4.28
SUP-705,3.38,5.27,9.79,6.25,4.35,8.58,5.95,1.7,2.56
SUP-706,3.75,1.43,8.15,8.52,9.22,7.2,8.03,6.13,3.62
SUP-707,8.65,1.4,4.54,5.81,1.3,9.51,1.69,2.87,7.2
SUP-708,9.4,8.07,1.35,3.27,2.02,8.85,4.78,7.94,1.85
SUP-709,9.57,3.27,5.5,6.61,8.98,8.41,6.03,1.79,7.86
SUP-710,6.68,6.22,3.8,8.9,4.69,1.26,5.23,6.06,5.19
SUP-711,1.79,1.59,7.28,3.02,8.15,9.37,5.2,9.23,2.51
SUP-712,2.18,8.53,8.18,7.9,5.64,5.03,8.08,3.34,7.6
SUP-713,4.79,9.01,3.44,7.74,6.79,6.76,2.41,2.02,3.1
SUP-714,8.06,4.63,5.68,2.18,2.47,9.69,9.77,7.86,2.89
SUP-715,8.0,4.19,3.02,4.21,4.36,1.08,2.89,2.61,7.64
SUP-716,1.63,3.01,6.85,1.57,5.33,8.01,7.36,4.03,6.9
SUP-717,3.14,5.65,4.74,8.48,5.7,1.01,6.75,4.69,4.12
SUP-718,9.5,5.3,3.99,5.4,3.69,1.05,7.33,8.0,8.05
SUP-719,9.48,5.9,4.95,8.96,6.02,2.32,5.67,2.83,4.32
SUP-720,3.14,1.89,5.32,6.19,1.59,1.44,8.21,7.7,3.89
SUP-721,5.75,8.13,1.2,8.82,7.77,1.99,8.02,7.87,6.69
SUP-722,9.56,5.98,6.58,5.9,5.33,3.98,2.82,3.45,6.1
SUP-723,5.83,9.47,3.78,6.59,3.41,7.15,2.58,2.6,8.56
SUP-724,7.33,8.7,6.85,5.86,3.85,5.8,4.85,7.46,1.06
SUP-725,2.59,7.33,3.05,3.2,1.84,3.35,4.27,1.86,1.2
SUP-726,6.62,2.59,3.66,5.73,3.06,8.93,5.46,4.88,9.59
SUP-727,4.38,3.63,3.4,2.69,7.09,2.08,4.72,4.53,2.66
SUP-728,8.19,5.55,8.44,4.9,9.74,2.26,6.78,9.88,9.61
SUP-729,4.74,4.6,9.53,4.55,9.41,7.32,7.08,1.51,9.19
SUP-730,8.56,8.94,9.38,4.27,9.01,1.82,4.84,2.86,8.24
SUP-731,4.02,7.7,2.11,5.49,7.4,1.05,5.6,6.79,6.48
SUP-732,9.45,1.79,4.41,7.05,3.79,7.66,4.09,4.98,8.64
SUP-733,9.3,2.18,7.86,6.97,9.49,5.88,8.78,3.68,4.39
SUP-734,1.07,4.46,2.66,3.56,7.02,1.99,9.07,4.81,3.18
SUP-735,2.62,3.99,5.0,6.23,6.2,9.55,6.31,4.87,9.83
SUP-736,7.31,5.65,4.1,2.24,7.05,5.9,2.31,4.16,1.48
SUP-737,8.11,6.69,9.08,3.58,7.55,4.54,9.09,7.48,7.85
SUP-738,9.53,8.56,9.77,3.8,2.58,8.25,9.23,8.5,3.61
SUP-739,7.54,8.97,6.42,6.82,5.22,1.22,8.68,3.15,7.97
SUP-740,4.4,3.97,8.76,8.16,8.64,6.63,7.03,9.06,3.04
SUP-741,1.3,4.02,9.02,7.56,3.8,8.19,9.51,7.69,4.3
SUP-742,7.37,3.55,7.58,9.93,5.38,6.33,2.24,2.89,9.2
SUP-743,6.24,5.05,9.81,8.83,1.5,7.53,7.77,2.92,6.31
SUP-744,5.03,2.28,3.79,8.24,6.69,7.33,9.81,5.71,6.62
SUP-745,8.8,3.88,5.42,7.26,9.58,9.19,6.04,2.69,1.68
SUP-746,9.61,3.11,3.05,2.21,8.85,4.37,3.47,2.4,4.15
SUP-747,5.46,2.84,4.35,3.07,5.6,4.13,4.25,2.04,8.6
SUP-748,1.46,9.29,6.75,8.41,4.32,1.57,9.4,1.82,4.55
SUP-749,7.52,9.87,5.08,7.5,6.16,5.71,3.79,9.08,3.01
SUP-750,4.69,2.8,8.43,5.81,1.35,5.18,3.73,6.95,3.69
SUP-751,1.86,8.11,2.61,1.88,8.89,5.8,5.59,6.1,5.66
SUP-752,1.41,6.0,4.49,1.16,4.07,7.12,6.28,6.53,4.33
SUP-753,2.96,6.14,3.42,3.1,8.5,7.14,9.71,8.74,5.96
SUP-754,7.02,2.62,5.94,2.31,9.34,8.49,2.26,7.73,3.55
SUP-755,3.94,6.27,9.76,9.01,9.88,3.02,4.35,8.51,1.27
SUP-756,1.65,4.45,2.65,5.32,5.22,1.51,5.42,1.78,1.27
SUP-757,7.94,2.56,3.94,9.06,1.55,2.21,7.58,5.53,1.05
SUP-758,4.24,1.64,1.6,7.74,2.19,7.34,3.71,2.78,2.88
SUP-759,2.8,4.14,1.64,8.4,4.09,8.53,2.56,4.04,5.14
SUP-760,1.8,2.42,6.79,9.36,5.75,3.09,6.38,3.17,2.7
SUP-761,5.84,2.09,9.01,8.21,7.67,6.31,6.63,6.24,8.01
SUP-762,1.54,4.13,9.81,7.43,5.21,7.51,7.25,2.77,7.12
SUP-763,7.21,1.94,3.31,2.09,8.52,9.91,4.54,5.03,4.47
SUP-764,3.89,3.39,5.86,9.38,9.39,8.1,5.91,4.33,2.41
SUP-765,5.13,1.35,8.92,4.56,6.59,2.77,2.61,7.29,4.03
SUP-766,5.19,2.86,5.23,2.59,2.36,8.33,7.72,1.6,6.56
SUP-767,4.53,4.74,9.86,8.8,2.84,4.65,2.68,9.76,6.52
SUP-768,4.14,6.39,6.13,7.55,6.49,2.98,1.42,8.67,5.77
SUP-769,2.76,8.87,2.96,4.38,2.39,3.09,5.13,4.94,9.73
SUP-770,5.23,6.69,4.52,5.33,7.85,2.57,2.52,8.08,8.4
SUP-771,9.86,8.53,7.89,3.72,8.29,1.86,8.95,3.88,8.13
SUP-772,6.72,9.71,7.07,9.28,8.62,8.22,3.64,3.6,3.35
SUP-773,4.39,9.54,7.41,7.21,8.97,8.37,3.07,4.38,6.46
SUP-774,9.56,6.05,2.59,6.01,8.33,2.87,3.62,6.41,4.15
SUP-775,1.22,3.88,7.76,9.46,7.58,8.07,1.06,8.93,9.54
SUP-776,6.52,2.62,9.72,3.83,5.55,3.53,4.34,1.84,4.8
SUP-777,3.1,8.0,5.34,7.2,2.09,2.69,2.1,6.23,8.99
SUP-778,9.53,1.11,5.13,9.33,4.55,7.26,3.14,1.43,2.1
SUP-779,8.56,5.24,6.83,6.19,7.21,4.76,1.16,3.03,6.78
SUP-780,6.9,1.57,6.88,4.49,8.14,7.09,3.08,8.71,8.24
SUP-781,1.95,3.74,3.09,3.65,1.68,1.33,1.63,8.97,2.21
SUP-782,4.21,2.3,7.42,2.46,9.12,2.88,2.12,9.47,6.25
SUP-783,5.34,7.89,6.26,2.08,1.45,8.25,9.82,1.31,5.55
SUP-784,7.2,1.67,5.88,4.93,2.06,7.67,4.54,7.57,3.06
SUP-785,3.86,9.16,3.07,7.28,4.53,9.43,8.96,6.4,6.21
SUP-786,9.01,5.66,4.63,5.81,3.56,8.62,2.05,9.53,9.43
SUP-787,2.37,1.29,9.64,6.48,6.31,6.67,9.56,8.73,5.78
SUP-788,2.82,7.71,9.34,6.1,1.16,1.42,8.51,5.11,1.6
SUP-789,4.23,2.45,5.88,6.84,9.45,1.73,5.43,7.92,8.34
SUP-790,8.98,4.31,7.25,8.93,8.32,4.05,2.92,1.88,4.42
SUP-791,9.13,8.08,9.35,4.56,3.74,8.21,7.16,1.72,4.69
SUP-792,5.97,7.52,7.17,3.27,4.7,8.16,7.9,8.55,4.03
SUP-793,8.71,9.2,4.78,9.55,7.56,4.19,8.78,2.5,6.7
SUP-794,2.49,3.51,5.32,3.85,2.21,4.04,4.33,8.02,2.95
SUP-795,6.47,5.89,6.11,8.11,1.54,8.31,4.99,6.56,9.45
SUP-796,2.41,6.64,6.59,5.12,4.36,1.64,9.63,6.8,7.99
SUP-797,8.0,5.39,3.29,4.22,7.82,1.58,2.0,7.74,1.91
SUP-798,9.84,6.98,9.71,4.99,5.08,7.84,7.96,6.29,2.35
SUP-799,9.12,2.31,1.09,3.9,9.38,4.67,6.29,2.07,9.11
SUP-800,4.2,8.09,7.83,7.52,5.96,3.97,3.88,7.76,8.57
SUP-801,9.51,4.27,2.62,1.8,8.01,5.3,4.56,7.85,5.38
SUP-802,2.65,3.17,4.25,3.99,3.49,8.6,9.15,6.46,8.84
SUP-803,5.04,7.36,4.61,9.61,8.08,5.2,3.63,2.19,7.46
SUP-804,2.62,1.36,1.2,5.27,3.58,5.85,5.04,1.62,7.21
SUP-805,2.27,5.59,3.18,5.15,5.86,4.4,8.09,6.99,5.5
SUP-806,8.73,3.46,9.38,4.16,3.0,4.57,6.83,9.88,1.95
SUP-807,1.53,6.66,7.87,5.82,3.57,5.23,4.22,5.23,9.28
SUP-808,2.98,5.44,1.19,8.69,8.54,8.13,5.7,5.74,5.52
SUP-809,8.25,1.16,8.37,5.39,5.01,3.7,2.02,3.62,1.93
SUP-810,8.39,3.42,7.84,9.05,5.77,5.04,2.23,2.02,5.98
SUP-811,6.78,5.43,6.41,7.0,7.19,6.75,7.62,5.91,1.56
SUP-812,7.1,2.68,2.02,6.99,7.78,3.54,4.93,6.0,7.28
SUP-813,5.49,4.57,2.4,5.36,6.83,3.22,2.25,5.03,3.21
SUP-814,3.51,7.93,6.43,8.32,2.05,5.17,2.11,1.5,2.46
SUP-815,6.11,2.71,4.13,2.66,5.14,3.5,4.34,4.66,5.32
SUP-816,7.67,7.59,9.29,9.85,2.73,1.8,7.85,5.76,9.75
SUP-817,6.0,8.1,1.6,8.37,6.21,4.76,8.52,3.34,2.73
SUP-818,1.52,3.82,1.5,8.4,6.71,8.89,4.22,8.19,2.8
SUP-819,3.71,3.16,8.38,6.85,2.0,3.0,4.03,9.73,5.52
SUP-820,1.37,8.62,3.08,6.14,1.55,5.72,1.17,3.25,6.45
SUP-821,9.81,3.65,3.74,1.0,2.98,8.57,4.84,3.24,1.73
SUP-822,7.34,1.44,4.15,2.91,3.34,1.47,4.42,1.01,9.05
SUP-823,4.51,4.06,2.41,5.0,1.18,6.05,2.83,3.68,1.8
SUP-824,7.06,9.75,7.62,2.47,2.26,8.59,2.45,2.92,2.48
SUP-825,3.44,4.49,5.57,2.03,9.83,9.16,8.19,3.86,2.0
SUP-826,2.05,2.73,6.27,3.18,2.42,3.43,7.42,2.41,2.46
SUP-827,7.27,3.21,5.25,5.01,1.1,4.99,3.38,4.43,1.06
SUP-828,4.73,5.43,6.82,8.89,4.76,9.3,7.09,1.32,1.37
SUP-829,2.37,6.46,3.25,2.64,2.66,1.87,9.04,4.03,10.0
SUP-830,9.39,1.51,7.47,7.93,4.21,3.86,1.45,6.56,4.52
SUP-831,3.56,4.5,9.89,5.69,1.62,5.4,1.42,4.14,8.64
SUP-832,2.2,2.55,2.41,2.38,6.69,6.57,6.39,7.19,4.61
SUP-833,8.54,4.69,4.28,3.12,6.49,2.94,8.59,4.82,1.15
SUP-834,5.31,4.71,4.44,4.74,7.62,8.34,3.28,6.46,9.35
SUP-835,6.71,8.42,8.88,6.1,7.24,8.96,3.99,8.57,3.23
SUP-836,3.58,1.24,9.7,3.79,3.62,5.44,6.29,9.46,9.54
SUP-837,9.49,9.5,6.11,8.19,8.18,8.74,4.88,8.16,5.55
SUP-838,7.18,7.35,3.5,7.82,6.86,3.02,5.34,6.32,2.8
SUP-839,3.98,2.72,1.41,5.05,4.88,5.02,8.82,9.08,1.42
SUP-840,8.1,1.92,7.12,4.9,8.27,4.42,9.33,5.32,1.25
SUP-841,5.1,3.42,7.72,7.0,1.7,7.19,2.1,7.57,6.25
SUP-842,4.78,9.97,7.14,6.63,4.16,2.57,4.43,3.74,4.72
SUP-843,8.61,2.69,4.63,9.61,1.72,3.0,3.3,1.11,8.84
SUP-844,8.65,8.74,1.77,6.64,4.28,9.96,1.36,8.43,2.12
SUP-845,9.49,3.98,2.26,1.63,8.39,4.76,4.29,2.92,4.28
SUP-846,6.61,2.5,4.64,3.91,6.58,8.98,1.61,2.06,8.82
SUP-847,9.74,6.16,3.07,6.51,7.76,9.11,5.89,6.34,5.08
SUP-848,8.84,1.22,5.93,2.96,5.73,9.85,4.05,5.81,3.18
SUP-849,8.62,8.39,4.77,3.59,6.8,4.72,6.34,7.11,1.3
SUP-850,8.2,1.15,6.58,6.99,2.19,8.45,1.16,2.04,1.04
SUP-851,7.98,1.87,8.49,6.56,5.07,4.76,2.25,5.4,5.13
SUP-852,9.69,9.22,7.53,1.65,9.82,9.61,5.46,1.13,1.4
SUP-853,4.92,5.73,1.77,7.99,5.01,2.85,2.06,2.16,7.95
SUP-854,8.07,4.92,8.31,6.18,3.49,2.54,6.17,3.94,3.46
SUP-855,9.08,7.64,6.67,5.36,5.97,6.43,4.45,9.55,2.17
SUP-856,4.25,4.64,2.58,5.77,8.22,8.67,9.52,8.59,9.88
SUP-857,5.68,9.95,1.94,2.61,3.64,9.78,2.92,1.48,1.82
SUP-858,2.46,7.19,4.95,3.93,2.45,2.59,3.57,7.31,6.34
SUP-859,4.18,6.45,8.99,6.66,3.96,9.42,9.47,8.95,8.32
SUP-860,1.05,7.54,6.43,8.61,9.26,6.78,8.72,8.55,5.32
SUP-861,9.68,9.59,2.75,7.6,8.53,5.16,6.84,9.11,7.92
SUP-862,5.97,7.35,9.6,9.45,2.6,5.37,3.68,6.47,8.34
SUP-863,3.51,1.51,9.73,8.23,6.92,5.08,5.68,1.92,7.81
SUP-864,1.57,1.7,8.55,6.3,7.06,6.04,2.98,8.13,4.97
SUP-865,7.18,3.84,6.35,6.79,6.91,3.51,8.88,7.94,6.26
SUP-866,3.44,5.73,4.88,1.25,3.15,4.69,2.87,9.26,4.49
SUP-867,4.67,5.34,2.56,7.55,6.99,5.9,8.65,6.1,5.94
SUP-868,7.97,2.58,4.36,3.97,4.1,9.95,4.18,5.56,7.6
SUP-869,3.89,7.01,9.89,9.84,1.96,3.62,2.44,7.96,5.35
SUP-870,4.75,1.84,4.26,8.87,5.38,4.62,2.12,4.23,8.11
SUP-871,9.81,4.07,4.56,2.98,4.77,5.22,3.11,6.87,3.5
SUP-872,9.42,9.13,5.8,2.05,2.3,3.83,3.93,7.74,5.24
SUP-873,7.94,7.25,2.42,3.69,7.06,6.87,5.69,6.95,5.77
SUP-874,8.27,5.24,9.34,1.35,8.75,5.19,3.38,3.87,6.44
SUP-875,1.98,5.9,4.66,1.26,3.32,3.17,6.67,1.83,4.64
SUP-876,9.32,3.7,1.41,7.08,2.72,1.92,2.1,2.72,7.88
SUP-877,7.68,7.55,9.95,2.92,6.62,4.12,6.91,7.75,7.34
SUP-878,7.25,9.88,2.7,5.08,5.78,5.76,4.13,9.3,1.36
SUP-879,1.11,5.48,5.29,6.35,4.89,7.5,6.54,5.27,5.19
SUP-880,5.52,4.94,4.17,3.23,2.29,8.49,2.39,3.72,6.25
SUP-881,7.5,8.39,2.23,5.65,4.11,2.37,9.89,1.19,6.58
SUP-882,4.33,1.77,5.76,8.37,8.65,1.92,3.76,5.92,4.13
SUP-883,5.07,1.31,7.69,3.74,7.79,7.76,2.13,9.85,7.27
SUP-884,7.17,5.74,3.65,8.71,6.12,5.71,5.84,6.91,7.22
SUP-885,5.77,9.06,8.3,1.45,6.15,8.0,5.67,4.41,8.11
SUP-886,6.64,5.43,9.83,4.47,3.56,5.5,3.47,3.76,1.21
SUP-887,5.01,1.15,6.0,7.46,3.49,7.35,5.51,7.73,8.26
SUP-888,7.26,1.83,9.6,8.99,4.05,7.37,8.12,6.25,6.98
SUP-889,1.02,7.63,7.76,8.18,4.42,5.89,2.67,8.77,5.67
SUP-890,5.62,6.88,2.72,1.42,7.57,1.48,1.86,3.75,1.51
SUP-891,3.58,8.46,3.0,7.3,9.69,9.92,2.17,8.87,5.6
SUP-892,3.23,8.89,4.16,8.06,7.98,2.08,8.56,4.62,2.94
SUP-893,8.38,9.1,7.33,5.0,9.09,1.49,6.63,4.8,1.55
SUP-894,9.9,8.77,4.0,6.29,2.52,4.38,1.51,3.37,6.06
SUP-895,7.24,5.41,7.94,8.27,7.56,1.92,8.58,1.66,8.07
SUP-896,6.87,9.2,1.87,1.31,2.52,3.28,4.92,3.97,3.9
SUP-897,8.26,4.63,2.19,5.82,8.38,3.17,8.8,7.94,5.58
SUP-898,6.07,6.12,6.87,4.45,6.82,2.56,2.19,4.1,3.18
SUP-899,5.46,4.54,2.91,2.74,3.98,6.97,1.16,3.29,4.01
SUP-900,4.2,6.02,8.45,2.91,10.0,7.94,3.97,7.29,2.88
SUP-901,1.03,3.77,8.82,6.11,3.78,8.16,7.44,5.61,6.71
SUP-902,5.52,9.67,4.71,4.89,1.91,3.84,1.52,9.44,2.25
SUP-903,4.11,5.2,8.16,7.26,3.8,2.34,7.21,4.51,8.49
SUP-904,7.37,3.92,4.59,4.79,9.41,9.58,7.71,9.24,7.45
SUP-905,1.58,8.93,8.26,6.02,5.66,3.32,4.13,9.18,6.56
SUP-906,1.19,9.16,8.46,1.08,8.73,9.85,9.45,1.98,7.67
SUP-907,2.98,9.72,8.27,6.29,8.01,2.11,2.59,2.88,1.07
SUP-908,7.67,2.17,4.77,7.74,4.67,3.41,9.51,5.62,4.67
SUP-909,6.77,4.57,6.27,3.6,3.69,1.68,9.35,3.73,4.03
SUP-910,8.0,7.03,7.03,1.08,8.99,5.13,8.88,8.28,9.51
SUP-911,5.59,8.84,2.51,7.25,5.4,4.34,7.61,1.03,7.64
SUP-912,4.36,4.39,6.31,8.19,8.62,5.33,1.91,7.45,6.55
SUP-913,1.12,7.99,6.15,8.17,9.17,3.58,3.13,3.52,1.78
SUP-914,7.44,6.28,2.21,6.51,7.93,9.67,7.62,8.62,2.68
SUP-915,3.48,1.01,8.09,1.56,7.89,7.78,6.67,5.64,7.56
SUP-916,6.73,4.61,9.69,3.36,8.89,1.88,6.86,1.85,5.94
SUP-917,6.36,5.93,5.47,5.01,1.34,7.2,1.42,1.12,5.13
SUP-918,6.72,5.7,8.4,4.48,1.62,5.76,1.77,6.81,2.96
SUP-919,8.19,5.11,4.22,4.84,1.48,8.95,4.03,4.78,9.28
SUP-920,2.12,4.34,2.22,6.71,5.19,7.61,4.34,7.84,2.29
SUP-921,7.24,9.63,8.68,6.43,7.66,4.77,1.09,1.01,1.25
SUP-922,1.06,8.34,2.0,8.1,4.0,3.12,7.59,8.67,1.6
SUP-923,1.33,6.97,9.84,9.66,3.24,3.74,3.12,8.99,6.86
SUP-924,1.03,2.32,3.81,9.14,8.65,7.41,4.63,6.56,7.17
SUP-925,9.22,9.9,5.52,8.13,6.6,9.82,3.78,5.78,9.93
SUP-926,5.99,3.9,9.71,7.9,9.74,6.6,4.52,9.06,5.52
SUP-927,2.35,3.11,8.77,8.43,6.43,9.24,1.3,5.1,3.22
SUP-928,9.04,7.25,4.14,9.58,7.83,6.92,9.16,3.85,7.65
SUP-929,1.4,7.5,6.19,8.72,6.66,6.83,1.95,5.05,2.66
SUP-930,6.71,2.19,9.14,6.58,2.04,9.63,4.89,5.55,8.69
SUP-931,4.55,1.46,3.57,6.86,8.13,6.13,4.05,1.16,6.31
SUP-932,3.72,2.82,2.25,1.26,3.85,2.34,1.2,3.03,8.51
SUP-933,7.58,5.57,3.09,7.59,3.83,8.28,8.62,4.0,3.68
SUP-934,5.83,4.39,6.77,7.38,1.54,2.44,9.19,8.62,7.51
SUP-935,6.26,7.25,1.42,7.92,3.17,5.44,6.81,2.35,1.38
SUP-936,8.96,5.52,3.76,8.51,2.22,6.06,7.52,9.79,4.26
SUP-937,7.91,7.54,6.49,1.31,1.43,8.4,4.95,3.5,5.75
SUP-938,3.29,4.25,9.08,7.47,4.4,8.45,2.3,9.22,7.39
SUP-939,1.52,7.62,2.83,7.64,9.49,3.29,9.83,6.26,5.76
SUP-940,2.25,5.71,5.61,2.71,2.67,6.75,9.21,2.49,1.59
SUP-941,9.11,6.44,8.78,1.09,5.95,9.16,7.02,6.02,6.42
SUP-942,8.15,9.97,1.45,8.02,6.89,2.15,9.36,3.57,3.92
SUP-943,1.25,5.45,1.29,4.94,7.05,6.13,5.67,3.32,9.27
SUP-944,1.1,8.7,2.37,1.16,5.69,5.98,2.58,8.58,7.75
SUP-945,4.98,6.18,9.55,8.56,6.05,1.31,4.35,9.83,4.03
SUP-946,9.71,3.93,3.43,4.72,1.43,9.83,1.37,6.52,7.82
SUP-947,8.05,9.76,5.58,3.33,4.77,7.43,4.15,6.08,5.84
SUP-948,6.87,1.04,5.55,2.96,5.71,3.76,1.72,9.45,9.41
SUP-949,7.65,4.4,8.08,9.79,9.54,7.93,8.98,8.84,3.31
SUP-950,8.79,6.74,5.24,3.55,4.32,4.54,5.8,9.02,1.7
SUP-951,3.09,8.25,5.68,3.27,6.1,9.41,3.34,9.83,1.3
SUP-952,4.44,8.95,4.01,1.12,9.11,7.81,5.43,2.06,7.54
SUP-953,7.39,6.21,8.27,1.76,8.72,5.09,5.9,5.36,1.23
SUP-954,7.64,4.28,2.37,4.48,4.59,4.04,8.68,5.83,6.55
SUP-955,3.36,7.08,2.77,1.38,3.67,8.18,3.88,3.09,8.58
SUP-956,6.39,1.84,1.49,6.94,7.62,1.8,3.64,3.12,8.45
SUP-957,8.57,8.36,5.02,8.91,4.5,4.95,6.1,5.67,9.78
SUP-958,2.87,2.34,9.25,9.87,4.24,4.35,6.02,2.08,8.84
SUP-959,8.78,7.09,3.84,9.0,7.68,3.69,8.27,4.8,6.57
SUP-960,1.79,8.01,8.4,2.07,5.01,3.52,7.83,9.92,8.49
SUP-961,7.56,2.46,7.28,2.28,3.84,7.95,5.98,9.88,6.89
SUP-962,7.09,9.76,2.59,9.18,5.35,8.07,5.62,7.68,7.94
SUP-963,7.81,9.48,2.76,7.73,7.84,4.35,2.15,8.25,5.88
SUP-964,6.43,4.96,9.23,3.76,1.69,8.07,9.31,7.02,6.4
SUP-965,2.8,1.95,1.67,9.87,1.8,1.42,6.9,2.68,7.1
SUP-966,2.83,5.4,6.45,1.09,1.33,7.67,1.91,8.75,1.39
SUP-967,4.37,8.7,6.89,6.37,7.3,4.09,1.6,2.6,6.52
SUP-968,1.64,2.27,5.36,8.48,9.92,8.01,1.31,8.45,7.61
SUP-969,3.68,9.34,7.78,3.75,6.12,4.47,5.73,7.91,3.27
SUP-970,4.02,9.59,2.17,2.71,3.28,8.31,1.18,2.1,4.72
SUP-971,6.91,5.85,5.47,2.15,8.29,5.11,8.51,3.77,1.18
SUP-972,2.45,3.35,6.2,5.11,9.8,2.38,9.74,3.91,2.19
SUP-973,3.68,4.72,1.95,7.75,9.81,1.86,3.39,9.13,3.26
SUP-974,8.19,1.25,6.55,9.94,2.05,8.77,1.6,1.14,4.92
SUP-975,1.2,8.39,5.85,1.66,7.92,3.61,6.96,8.47,3.07
SUP-976,3.04,8.98,6.5,8.62,6.14,5.0,1.31,3.39,7.43
SUP-977,7.76,7.68,7.72,3.49,3.04,9.46,3.72,2.71,1.56
SUP-978,7.6,6.32,2.74,8.53,3.64,8.86,8.61,8.79,8.0
SUP-979,5.22,5.88,2.51,3.33,6.35,2.38,9.08,9.07,7.88
SUP-980,5.58,6.88,3.93,2.14,9.71,5.46,4.8,4.27,8.14
SUP-981,5.03,5.11,6.91,3.18,9.2,9.7,1.32,4.68,7.27
SUP-982,1.87,7.14,2.17,5.76,4.33,2.24,4.39,5.43,7.41
SUP-983,4.96,4.36,9.74,3.21,5.63,4.36,2.9,3.36,5.87
SUP-984,7.86,7.29,3.25,4.85,5.44,1.12,1.64,1.48,2.57
SUP-985,6.03,6.43,7.06,2.94,5.66,2.28,8.74,9.73,3.42
SUP-986,4.41,3.57,9.4,9.25,4.08,8.82,9.33,8.62,5.58
SUP-987,4.9,7.29,9.12,8.66,2.86,8.08,9.11,9.84,4.75
SUP-988,8.58,6.1,8.04,7.1,8.92,9.3,5.05,9.66,8.07
SUP-989,7.14,6.21,5.1,2.74,6.4,1.87,2.14,9.82,8.86
SUP-990,2.91,2.07,7.71,9.98,2.54,9.88,3.64,1.99,3.93
SUP-991,4.53,6.29,8.29,3.5,8.43,9.15,8.99,5.66,6.06
SUP-992,3.61,9.74,2.01,4.39,3.31,5.8,2.85,6.81,3.57
SUP-993,5.57,1.67,4.86,6.09,7.1,9.74,8.79,6.62,1.67
SUP-994,9.81,7.89,1.91,4.74,4.0,3.19,3.4,4.83,8.93
SUP-995,1.57,4.73,9.55,1.26,6.06,1.41,8.67,3.04,7.95
SUP-996,8.27,9.22,1.93,6.52,3.36,4.96,1.37,2.17,2.14
SUP-997,3.99,5.23,6.53,5.77,8.72,7.18,2.98,8.43,1.17
SUP-998,6.93,8.84,6.69,2.73,4.84,1.77,4.59,2.21,7.09
SUP-999,5.23,9.19,3.02,1.69,6.73,2.1,8.43,9.37,6.78
SUP-1000,4.24,2.11,3.39,2.19,8.07,8.73,2.13,8.25,9.12
